id_venta,fecha,id_cliente,id_producto,cantidad,metodo_pago,estado
V001,2026-01-05,C001,P001,2,Tarjeta,Completada
V002,2026-01-07,C002,P006,1,Efectivo,Completada
V003,2026-01-08,C003,P002,1,Nequi,Completada
V004,2026-01-10,C001,P006,1,Nequi,Completada
V005,2026-01-12,C004,P003,2,Tarjeta,Completada
V006,2026-01-15,C005,P009,1,Transferencia,Completada
V007,2026-01-18,C006,P004,3,Tarjeta,Completada
V008,2026-01-20,C002,P007,1,Efectivo,Cancelada
V009,2026-01-22,C007,P010,1,Transferencia,Completada
V010,2026-01-25,C003,P004,2,Nequi,Completada
V011,2026-02-02,C008,P005,1,Tarjeta,Completada
V012,2026-02-04,C001,P011,5,Efectivo,Completada
V013,2026-02-06,C009,P008,1,Tarjeta,Completada
V014,2026-02-08,C004,P012,2,Transferencia,Completada
V015,2026-02-10,C010,P012,2,Nequi,Completada
V016,2026-02-12,C005,P011,3,Efectivo,Completada
V017,2026-02-15,C006,P002,1,Tarjeta,Cancelada
V018,2026-02-18,C007,P007,1,Nequi,Completada
V019,2026-02-20,C008,P003,1,Tarjeta,Completada
V020,2026-02-22,C002,P010,2,Transferencia,Completada
V021,2026-03-01,C009,P001,4,Nequi,Completada
V022,2026-03-03,C010,P006,2,Efectivo,Completada
V023,2026-03-05,C001,P004,1,Tarjeta,Completada
V024,2026-03-08,C003,P009,2,Transferencia,Completada
V025,2026-03-10,C004,P005,1,Tarjeta,Completada
V026,2026-03-12,C005,P007,1,Nequi,Completada
V027,2026-03-15,C006,P010,1,Efectivo,Completada
V028,2026-03-18,C007,P004,3,Tarjeta,Completada
V029,2026-03-20,C008,P008,1,Transferencia,Completada
V030,2026-03-22,C009,P012,1,Nequi,Completada
V031,2026-04-02,C010,P003,2,Tarjeta,Completada
V032,2026-04-04,C001,P011,2,Efectivo,Completada
V033,2026-04-06,C002,P006,1,Nequi,Completada
V034,2026-04-08,C003,P012,2,Tarjeta,Completada
V035,2026-04-10,C004,P010,1,Transferencia,Completada
V036,2026-04-12,C005,P005,1,Tarjeta,Completada
V037,2026-04-15,C006,P007,1,Nequi,Completada
V038,2026-04-18,C007,P001,2,Efectivo,Completada
V039,2026-04-20,C008,P009,1,Transferencia,Completada
V040,2026-04-22,C009,P003,1,Tarjeta,Completada
V041,2026-05-02,C010,P006,1,Nequi,Completada
V042,2026-05-04,C001,P002,2,Tarjeta,Completada
V043,2026-05-06,C002,P010,1,Transferencia,Completada
V044,2026-05-08,C003,P012,2,Nequi,Completada
V045,2026-05-10,C004,P007,1,Efectivo,Completada
V046,2026-05-12,C005,P004,2,Tarjeta,Completada
V047,2026-05-15,C006,P011,4,Nequi,Completada
V048,2026-05-18,C007,P005,1,Tarjeta,Completada
V049,2026-05-20,C008,P008,2,Transferencia,Completada
V050,2026-05-22,C009,P004,1,Efectivo,Completada